m_bits,k_hashes,n_items,trials,empirical_fpr,theoretical_fpr
100000,7,50000,100000,0.81072000,0.80683264
500000,7,50000,100000,0.00807000,0.00819372
1000000,7,50000,100000,0.00022000,0.00019587
5000000,7,50000,100000,0.00000000,0.00000001
